permutation,null_pearson_r
1,-0.6256917140427356
2,-0.9999994851409711
3,-0.3495338911643219
4,-0.9999985719284441
5,0.07182735816982291
6,-0.4914777052791168
7,-0.9999996381286238
8,-0.5837276835862638
9,-0.38211756511349976
10,-0.9999997429919762
11,-0.999999528534622
12,-0.14095480230511256
13,-0.41433029911547437
14,-0.3391320396568051
15,0.2798368350912339
16,-0.41466040665918036
17,-0.1450110477307754
18,-0.6740711291320185
19,-0.4139753432552304
20,0.3889655641563565
21,-0.9999979723547546
22,-0.282615659660241
23,-0.43811358019983243
24,-0.4740495432025713
25,-0.9959351962203615
26,0.15165832469004123
27,0.01977735628439717
28,-0.6401731217460308
29,-0.23479386623742998
30,-0.9999996727889147
31,-0.9998105572312492
32,-0.5970059722373581
33,-0.999999999056116
34,-0.6671758848653148
35,-0.9967969765038099
36,0.032094962255215714
37,-0.4857106956805146
38,-0.40996966235339327
39,-0.6420490168978671
40,-0.9260570199340473
41,-0.8136268328753994
42,0.1938784608569097
43,-0.5811433726834935
44,-0.8378038007672076
45,-0.9644186820421476
46,0.015579635969152454
47,-0.17167185571424715
48,-0.2679334662100712
49,0.12628829190367902
50,-0.13229552294967964
51,-0.12580140731588452
52,-0.9999998693493892
53,-0.41781575178184777
54,-0.9999996591578403
55,0.1597618091282532
56,-0.03455180857442973
57,-0.6692265032674662
58,-0.3669811183245508
59,-0.4179744620311963
60,0.011308501767716857
61,-0.5165560599728565
62,-0.99999727133537
63,-0.708210943506516
64,-0.6655650693598726
65,-0.35943887668554014
66,0.03767990940636681
67,0.4451908004325686
68,-0.41761888674429315
69,-0.3780286705060085
70,-0.9959996951283534
71,-0.3724525890341182
72,-0.6367157996456868
73,-0.15713996546200548
74,-0.996626324474635
75,-0.4363842873244411
76,0.04138130323718962
77,-0.46513504528587823
78,-0.568128573419953
79,-0.007003592831572654
80,0.17986844417095016
81,-0.5970625109248473
82,-0.01792486852812248
83,-0.999997807208569
84,-0.8242788845246816
85,-0.33267867769930765
86,-0.4290613262629891
87,-0.9430234114629251
88,0.10719599833626235
89,-0.355749166091546
90,0.14976362280575753
91,0.1890884964460995
92,-0.5526747035470321
93,-0.3905438367137099
94,-0.3997747160094162
95,-0.24086943319335644
96,0.17545284602172692
97,0.2794317288519608
98,0.07271088149931978
99,0.1599005168522213
100,-0.9999996349865236
101,0.03114994261490682
102,-0.38641508747046177
103,0.18719200080594212
104,-0.9999999980600107
105,-0.05011305595319658
106,-0.8558639187946757
107,-0.9999999524913019
108,-0.40700605677081764
109,-0.40972659475016016
110,-0.6779223683313811
111,-0.013035541596997196
112,-0.47130052534319444
113,-0.4858362233108633
114,-0.1058910777284065
115,0.09499856706286426
116,0.21938466649015007
117,0.023223689310036055
118,0.34118282914365183
119,-0.4433442528397163
120,0.28495141395545315
121,-0.33224512225174624
122,-0.9999999691407212
123,-0.20659382702811713
124,-0.6895420499574297
125,-0.999999690243148
126,-0.9999996290202481
127,-0.7279209637338437
128,0.22750425800412236
129,-0.3380400049182511
130,-0.7011444971340588
131,-0.37335763007655637
132,-0.9999996319476645
133,-0.6406355436465924
134,-0.9998766608289322
135,-0.5014650045821075
136,-0.9829376267387661
137,-0.3863345989610965
138,0.2243672946874584
139,-0.540036279872959
140,-0.36199542535217316
141,-0.16860561014004238
142,-0.3194530049332261
143,0.314662219991023
144,-0.40696100962226306
145,-0.999999671954661
146,-0.8181685233358039
147,-0.4181362712627135
148,-0.5107125082585114
149,-0.9999988119252382
150,-0.27745985055401745
151,-0.999999428227482
152,-0.4169488206951335
153,-0.4338859008782987
154,-0.2236978513256134
155,-0.1850280679038017
156,-0.38209654579042934
157,-0.9999998252817628
158,-0.37261508980103447
159,-0.2899374807795614
160,-0.9999999698018047
161,-0.38851175809493255
162,0.06358226108463957
163,-0.4099102905053881
164,-0.9999996381328902
165,-0.9176042700323274
166,-0.4310309679509378
167,0.17764241025748767
168,0.1575145401685526
169,-0.6376034080489663
170,-0.6079062876883682
171,-0.6323858982627529
172,-0.46768886629819834
173,-0.21483912800498287
174,-0.9999981813211641
175,-0.985925858185087
176,-0.33864656670374504
177,-0.6066312782239349
178,-0.47915877616879327
179,-0.9816700630966442
180,-0.3663415356200605
181,-0.4273423186093753
182,-0.6117384122540755
183,-0.8121944420399113
184,-0.9999999142379312
185,0.17937931864665999
186,-0.7232247543464463
187,-0.5929636196710549
188,-0.43118487561116925
189,-0.47150521870780016
190,-0.39172404909851266
191,-0.6965759524714977
192,-0.015806195219508018
193,-0.7690706501264207
194,-0.5529534778753749
195,-0.999997474752542
196,0.10017533931714372
197,-0.42294884550596556
198,-0.369662486794761
199,-0.5397361114768388
200,-0.3721159740807797
201,-0.9999995920758271
202,0.0778179494897581
203,-0.4281321874138992
204,-0.1308062469696156
205,-0.9999999954042672
206,-0.5492928147066019
207,-0.9999995285346219
208,-0.371829166908052
209,0.06901452639709407
210,0.20821006973291814
211,0.17429463393964356
212,0.018872701185163723
213,-0.4269001112747692
214,-0.31152692676471067
215,0.5282849547341523
216,-0.5336327394696666
217,-0.3874016186523958
218,0.07871612543589658
219,-0.35461528452359103
220,0.4727323136078872
221,0.13665608310405428
222,-0.13857201411684672
223,-0.06327049009061927
224,0.32933996656108205
225,-0.00203049367903488
226,-0.4154069183003429
227,-0.6227017678622321
228,-0.6918639882782005
229,-0.4617038509248567
230,-0.4283647402901781
231,-0.9999993850082544
232,-0.7257192532194511
233,-0.4643529981206409
234,-0.12578401374222833
235,-0.5482644632848097
236,-0.9999989761530309
237,-0.09742590538443438
238,0.3976956528002215
239,0.28990657152091165
240,-0.9999998331107217
241,-0.2904521290207402
242,-0.9999998693545047
243,0.07528580520122916
244,-0.00037391152462147017
245,-0.34218047586893335
246,-0.9999999956740435
247,-0.10430041314142788
248,-0.042919302009799196
249,-0.4337981836376824
250,-0.009850574249690318
251,-0.5130668099613311
252,-0.30239967987659033
253,-0.9969939072296767
254,0.2372556853311414
255,-0.3811991928503471
256,-0.3695254251010582
257,-0.29826608405903243
258,-0.41359525448472745
259,-0.05118354249887701
260,-0.3825805166030902
261,-0.5559408803492047
262,-0.39532748739657175
263,-0.6519525848162836
264,-0.43210447125887014
265,-0.9999996482023729
266,-0.33280772842732465
267,0.16442201458423022
268,-0.1825007697817391
269,-0.384677017367095
270,-0.4328049969791485
271,-0.4206515043063454
272,0.3236500167398198
273,-0.995216137682459
274,-0.33193103645777433
275,-0.10949040343177933
276,-0.38304444088339873
277,-0.7525551348035365
278,-0.49391872545779575
279,-0.7317026141803392
280,-0.5216654966558418
281,-0.5756188609458927
282,-0.37764101732441585
283,-0.19149839108951355
284,-0.9999999620373963
285,-0.39044693034490774
286,-0.17151277430397405
287,-0.48335744406692455
288,-0.8750547479301395
289,-0.637471766887239
290,-0.14236076427090438
291,-0.999990036437281
292,0.4350032370313297
293,-0.7298067710563471
294,0.3451260417307389
295,-0.39442602091902956
296,-0.7145784376189197
297,-0.9999998742164787
298,0.26843234626232515
299,0.04017315769308624
300,-0.4638406235827341
301,-0.40400179074658643
302,-0.6859493303586286
303,-0.44078056567472296
304,0.023376061258086462
305,0.009681301536632568
306,0.05873366459030327
307,-0.4035220431090843
308,-0.9999962179335069
309,-0.6447426470127764
310,-0.5318641064276856
311,0.09581583017545395
312,0.17889384705691963
313,0.007654160499917486
314,-0.41357343831768534
315,-0.6997923416593982
316,-0.8729341126315242
317,-0.5859856552090033
318,-0.3563348761504356
319,-0.9061970292369629
320,-0.6591398737964334
321,-0.9999998678654175
322,-0.9999975802470115
323,-0.7488254503865452
324,-0.12955168527371302
325,-0.9999998757850094
326,-0.9999226905533645
327,-0.5681815068027068
328,0.033391698389702726
329,-0.6187190124358242
330,-0.42230779026293797
331,-0.35792052006767544
332,0.06941114630359467
333,-0.34626697127041234
334,-0.43857045855399446
335,-0.46655386000558535
336,0.15112911705828894
337,-0.9999999698032388
338,-0.7770532511945044
339,-0.9999972536340708
340,-0.9999999213115747
341,-0.999999969795455
342,0.09096642393976286
343,-0.687643373056184
344,-0.5049022778854261
345,-0.6614673585510898
346,-0.29191815084307676
347,-0.36120851186571434
348,-0.41448527210633446
349,-0.6892888099673158
350,-0.9999996349865237
351,0.11033504162407708
352,0.1575567270252393
353,-0.42732027869736816
354,-0.9999998726738281
355,-0.19557517329076182
356,-0.9091425853471503
357,-0.3419079281172735
358,-0.36021247361949066
359,-0.9967875536157527
360,-0.9999998790212826
361,0.14467883727251454
362,-0.6130032655701626
363,-0.45551916584361113
364,-0.035600239738105034
365,-0.01801543554211561
366,-0.4399473379462428
367,0.23290504083886282
368,-0.5199059906963046
369,-0.627796467225637
370,-0.9999997666589591
371,0.06094395838931514
372,-0.9999998035030953
373,-0.5801273478848312
374,0.0495101527447198
375,-0.4216939766819787
376,-0.5279931815414229
377,-0.51689597324748
378,0.11731225897244052
379,0.09410927487546508
380,-0.49994255485282973
381,-0.44737613095371165
382,0.04084533244352892
383,0.39159415144517196
384,-0.9999997422916515
385,0.19402675746134254
386,0.0401106907354712
387,-0.9999994820937161
388,0.10689106096874079
389,-0.3428451901829257
390,-0.5511991521253022
391,-0.4794815547700765
392,-0.38754144855299333
393,-0.4499620869598838
394,0.18564617203771033
395,-0.999999744440838
396,-0.43740600949717934
397,-0.2614630537972014
398,-0.5825715117499538
399,-0.8118271584817797
400,-0.48261533432701365
401,0.05248180243528292
402,-0.9999999985577989
403,0.04072870045806009
404,-0.536877324384356
405,-0.3723980529685307
406,-0.46927701065566146
407,-0.8891619731695909
408,-0.44813768853397656
409,-0.9999996349865232
410,0.10667632441103625
411,-0.15534412814592857
412,0.11159628366335043
413,-0.7909776252886496
414,-0.16037183648309444
415,-0.6671821319700708
416,-0.4718595840379148
417,-0.31746589013910587
418,-0.39372256559731317
419,-0.4241806061690719
420,-0.6918713432839964
421,-0.5643224457080053
422,-0.27909182914777975
423,0.1945767293026194
424,-0.25739952861546256
425,-0.9999996355368657
426,-0.9999999953884326
427,0.11229317783915597
428,0.4264106154156075
429,-0.6347709434088202
430,-0.9999604642424708
431,0.20586607503298301
432,-0.4039445409794969
433,-0.047957334458550355
434,-0.06541339404908413
435,-0.051141115334336684
436,0.04544027741149297
437,-0.472343642382976
438,-0.45134409494737576
439,0.31736286405232056
440,-0.9999996669990896
441,-0.378412173925343
442,-0.3077105068247577
443,0.2792729403359675
444,-0.999999002085193
445,-0.7529334121313345
446,0.23530383424915752
447,-0.4439129901686862
448,-0.999997263032393
449,-0.9991419894129985
450,-0.03815018639028865
451,-0.656068979392429
452,-0.47435145826249986
453,-0.624611561173582
454,-0.35477684614529836
455,-0.5197299714778881
456,0.3857160999655717
457,-0.4627106669074624
458,-0.9999996319481275
459,-0.24725412490284615
460,0.3432642621470891
461,0.2908824087025282
462,0.24994767830223705
463,-0.030311547505176326
464,-0.6046712098058848
465,-0.5291674979252186
466,-0.5205843408226265
467,-0.7827182972779393
468,-0.39125784526190577
469,0.1235996133865784
470,-0.9453146167413569
471,-0.38390407797122594
472,-0.48595763232444344
473,0.2401710711811087
474,0.22374536694308997
475,-0.3589886039852638
476,0.3677321580464476
477,-0.989695231216343
478,-0.44274355052719805
479,-0.9999998757850092
480,-0.9999998789549771
481,0.008527819738924042
482,0.34600012181164924
483,-0.9999998231939031
484,0.09696718888403053
485,0.14396380162634834
486,-0.4551559127275664
487,0.3451471027036207
488,-0.022628466906094324
489,-0.9965294939666665
490,0.20022957757236912
491,-0.5403191036059141
492,-0.36582893946369544
493,-0.6827890802663781
494,-0.4466218574183339
495,-0.5405611938069068
496,-0.5719653575932133
497,0.11135970534639617
498,-0.4897977871932272
499,-0.3897766730131199
500,-0.12129912184925848
