fold,participant,actual_age,predicted_age,abs_error,n_features_selected,selected_features
0,2,22.0,29.437398356305156,7.437398356305156,11,rom_roll_ratio_stepforward_walk;peak_roll_walkingincline;stride_timing_cv_walking;stride_timing_cv_walkingincline;rom_roll_walkingincline;rom_roll_walking;peak_roll_walking;rom_pitch_walkingincline;rom_pitch_walking;vaf_stepforward;rom_pitch_stepforward
1,3,24.0,42.196549552782855,18.196549552782855,11,stride_timing_cv_walking;peak_roll_walkingincline;rom_roll_ratio_stepforward_walk;stride_timing_cv_walkingincline;peak_roll_walking;rom_pitch_stepforward;rom_pitch_walkingincline;rom_roll_walkingincline;rom_pitch_walking;rom_roll_walking;vaf_stepforward
2,5,34.0,33.19352036181748,0.8064796381825232,11,peak_roll_walkingincline;stride_timing_cv_walking;rom_roll_ratio_stepforward_walk;peak_roll_walking;rom_pitch_walkingincline;rom_roll_walkingincline;rom_roll_walking;rom_pitch_walking;rom_pitch_stepforward;stride_timing_cv_walkingincline;vaf_stepforward
3,6,31.0,40.056955240865925,9.056955240865925,11,rom_roll_ratio_stepforward_walk;stride_timing_cv_walking;peak_roll_walkingincline;peak_roll_walking;rom_pitch_walkingincline;rom_roll_walking;rom_roll_walkingincline;stride_timing_cv_walkingincline;rom_pitch_walking;rom_pitch_stepforward;vaf_stepforward
4,7,22.0,38.33965561364306,16.33965561364306,11,peak_roll_walkingincline;rom_roll_walkingincline;rom_roll_ratio_stepforward_walk;stride_timing_cv_walking;rom_roll_walking;rom_pitch_walkingincline;peak_roll_walking;peak_pitch_walkingincline;rom_pitch_walking;rom_pitch_stepforward;vaf_stepforward
5,8,33.0,65.47374213659212,32.47374213659212,12,peak_roll_walkingincline;rom_roll_ratio_stepforward_walk;stride_timing_cv_walking;peak_roll_walking;rom_pitch_walkingincline;rom_roll_walkingincline;rom_roll_walking;rom_pitch_walking;stride_timing_cv_walkingincline;rom_pitch_stepforward;vaf_stepforward;peak_pitch_stepforward
6,9,51.0,52.210757952312015,1.210757952312015,11,peak_roll_walkingincline;rom_roll_ratio_stepforward_walk;stride_timing_cv_walking;peak_roll_walking;rom_roll_walkingincline;rom_pitch_walkingincline;stride_timing_cv_walkingincline;rom_roll_walking;rom_pitch_walking;rom_pitch_stepforward;vaf_stepforward
7,10,51.0,38.43523010807901,12.564769891920989,11,peak_roll_walkingincline;rom_roll_ratio_stepforward_walk;stride_timing_cv_walking;peak_roll_walking;rom_pitch_walkingincline;rom_roll_walkingincline;stride_timing_cv_walkingincline;rom_roll_walking;rom_pitch_stepforward;rom_pitch_walking;vaf_stepforward
8,11,22.0,54.21402814964276,32.21402814964276,11,peak_roll_walkingincline;rom_roll_ratio_stepforward_walk;peak_roll_walking;stride_timing_cv_walking;rom_pitch_walkingincline;rom_roll_walkingincline;rom_pitch_walking;stride_timing_cv_walkingincline;rom_roll_walking;rom_pitch_stepforward;vaf_stepforward
9,12,49.0,37.069825701802586,11.930174298197414,11,peak_roll_walkingincline;rom_roll_ratio_stepforward_walk;stride_timing_cv_walking;peak_roll_walking;rom_pitch_walkingincline;rom_roll_walkingincline;rom_roll_walking;stride_timing_cv_walkingincline;rom_pitch_stepforward;rom_pitch_walking;vaf_stepforward
10,13,63.0,48.5087611729808,14.491238827019203,10,peak_roll_walkingincline;rom_roll_ratio_stepforward_walk;peak_roll_walking;rom_roll_walkingincline;rom_roll_walking;rom_pitch_walkingincline;stride_timing_cv_walking;rom_pitch_walking;vaf_stepforward;rom_pitch_stepforward
11,14,21.0,50.80635302354109,29.806353023541092,10,rom_pitch_walking;rom_pitch_walkingincline;stride_timing_cv_walking;peak_roll_walkingincline;rom_roll_ratio_stepforward_walk;stride_timing_cv_walkingincline;rom_roll_stepforward;peak_roll_walking;rom_roll_walkingincline;rom_roll_walking
12,15,55.0,35.52089097904253,19.479109020957473,11,stride_timing_cv_walking;peak_roll_walkingincline;rom_roll_ratio_stepforward_walk;peak_roll_walking;stride_timing_cv_walkingincline;rom_roll_walkingincline;vaf_stepforward;rom_pitch_walkingincline;rom_roll_walking;rom_pitch_walking;rom_pitch_stepforward
13,16,52.0,56.626110929582154,4.626110929582154,11,stride_timing_cv_walking;peak_roll_walkingincline;rom_roll_ratio_stepforward_walk;stride_timing_cv_walkingincline;peak_roll_walking;rom_roll_walkingincline;rom_pitch_walkingincline;rom_pitch_walking;rom_pitch_stepforward;rom_roll_walking;vaf_stepforward
14,17,34.0,48.109586760381845,14.109586760381845,11,peak_roll_walkingincline;rom_roll_ratio_stepforward_walk;stride_timing_cv_walking;rom_pitch_walkingincline;peak_roll_walking;rom_roll_walkingincline;rom_pitch_walking;stride_timing_cv_walkingincline;rom_roll_walking;rom_pitch_stepforward;vaf_stepforward
15,18,29.0,32.08773792649802,3.087737926498022,11,peak_roll_walkingincline;rom_roll_ratio_stepforward_walk;stride_timing_cv_walking;peak_roll_walking;rom_roll_walking;rom_roll_walkingincline;rom_pitch_stepforward;vaf_stepforward;rom_pitch_walkingincline;stride_timing_cv_walkingincline;rom_pitch_walking
16,19,25.0,18.700382848506877,6.299617151493123,11,rom_roll_ratio_stepforward_walk;stride_timing_cv_walking;peak_roll_walkingincline;peak_roll_walking;stride_timing_cv_walkingincline;rom_pitch_stepforward;rom_roll_walking;rom_pitch_walkingincline;rom_roll_walkingincline;rom_pitch_walking;vaf_stepforward
17,20,23.0,63.27601396506745,40.27601396506745,12,stride_timing_cv_walking;peak_roll_walkingincline;rom_roll_ratio_stepforward_walk;rom_pitch_stepforward;vaf_stepforward;stride_timing_cv_walkingincline;peak_roll_walking;rom_pitch_walkingincline;rom_roll_walkingincline;rom_pitch_walking;rom_roll_walking;peak_pitch_stepforward
18,21,62.0,38.33235539774986,23.667644602250142,11,stride_timing_cv_walkingincline;stride_timing_cv_walking;peak_roll_walkingincline;rom_roll_ratio_stepforward_walk;peak_roll_walking;rom_roll_walkingincline;rom_pitch_walkingincline;rom_roll_walking;rom_pitch_stepforward;rom_pitch_walking;peak_pitch_stepforward
19,22,22.0,37.88616121304704,15.886161213047039,11,stride_timing_cv_walking;rom_pitch_stepforward;peak_roll_walkingincline;rom_roll_ratio_stepforward_walk;stride_timing_cv_walkingincline;peak_roll_walking;rom_pitch_walkingincline;peak_pitch_stepforward;rom_roll_walkingincline;rom_pitch_walking;rom_roll_walking
20,24,57.0,52.225437073887214,4.774562926112786,11,rom_roll_ratio_stepforward_walk;stride_timing_cv_walking;peak_roll_walkingincline;peak_roll_walking;rom_pitch_walkingincline;stride_timing_cv_walkingincline;rom_pitch_walking;rom_roll_walking;rom_roll_walkingincline;rom_pitch_stepforward;vaf_stepforward
21,25,50.0,28.486608359256696,21.513391640743304,11,peak_roll_walkingincline;stride_timing_cv_walking;rom_roll_ratio_stepforward_walk;stride_timing_cv_walkingincline;peak_roll_walking;rom_pitch_walkingincline;rom_roll_walkingincline;rom_pitch_stepforward;rom_roll_walking;rom_pitch_walking;vaf_stepforward
22,26,54.0,50.58224215435585,3.4177578456441466,11,stride_timing_cv_walking;peak_roll_walkingincline;rom_roll_ratio_stepforward_walk;peak_roll_walking;rom_roll_walkingincline;stride_timing_cv_walkingincline;rom_pitch_stepforward;rom_pitch_walkingincline;rom_pitch_walking;rom_roll_walking;vaf_stepforward
23,27,53.0,76.0596067420829,23.059606742082906,11,peak_roll_walkingincline;rom_roll_ratio_stepforward_walk;stride_timing_cv_walking;rom_roll_walkingincline;rom_pitch_walkingincline;peak_roll_walking;rom_pitch_walking;rom_roll_walking;rom_pitch_stepforward;stride_timing_cv_walkingincline;vaf_stepforward
24,29,53.0,42.94661377531337,10.053386224686633,12,peak_roll_walkingincline;rom_roll_ratio_stepforward_walk;stride_timing_cv_walking;rom_pitch_walkingincline;rom_pitch_walking;peak_roll_walking;rom_roll_walkingincline;rom_roll_walking;rom_pitch_stepforward;vaf_stepforward;peak_pitch_walkingincline;stride_timing_cv_walkingincline
25,32,53.0,33.34184544417915,19.65815455582085,11,peak_roll_walkingincline;stride_timing_cv_walking;rom_roll_ratio_stepforward_walk;peak_roll_walking;rom_roll_walkingincline;rom_roll_walking;rom_pitch_walkingincline;stride_timing_cv_walkingincline;rom_pitch_walking;vaf_stepforward;rom_pitch_stepforward
26,33,34.0,48.42559668089902,14.42559668089902,11,peak_roll_walkingincline;rom_roll_ratio_stepforward_walk;stride_timing_cv_walking;peak_roll_walking;rom_roll_walkingincline;rom_pitch_walkingincline;rom_roll_walking;rom_pitch_walking;stride_timing_cv_walkingincline;rom_pitch_stepforward;vaf_stepforward
27,35,60.0,41.105825405829314,18.894174594170686,12,stride_timing_cv_walking;peak_roll_walkingincline;rom_roll_ratio_stepforward_walk;rom_pitch_stepforward;stride_timing_cv_walkingincline;rom_roll_walkingincline;peak_roll_walking;rom_pitch_walkingincline;rom_roll_walking;rom_pitch_walking;peak_pitch_stepforward;vaf_stepforward
28,36,22.0,37.446488708404885,15.446488708404885,12,stride_timing_cv_walking;rom_roll_ratio_stepforward_walk;peak_roll_walkingincline;peak_roll_walking;rom_roll_walking;vaf_stepforward;stride_timing_cv_walkingincline;rom_pitch_walkingincline;rom_roll_walkingincline;rom_pitch_walking;rom_roll_steplateral;rom_pitch_stepforward
