fold,participant,actual_age,predicted_age,abs_error,selected_features,feature_1,feature_2,feature_3,equation,equation_readable
0,2,22.0,20.511052724730902,1.4889472752690942,rom_roll_ratio_stepforward_walk;peak_roll_walkingincline;stride_timing_cv_walking,rom_roll_ratio_stepforward_walk,peak_roll_walkingincline,stride_timing_cv_walking,"add(mul(-3.323, -8.986), add(mul(X2, mul(X1, mul(1.839, X0))), div(add(X1, 7.657), -5.522)))","add(mul(-3.323, -8.986), add(mul(stride_timing_cv_walking, mul(peak_roll_walkingincline, mul(1.839, rom_roll_ratio_stepforward_walk))), div(add(peak_roll_walkingincline, 7.657), -5.522)))"
1,3,24.0,32.25245468049411,8.252454680494111,stride_timing_cv_walking;peak_roll_walkingincline;rom_roll_ratio_stepforward_walk,stride_timing_cv_walking,peak_roll_walkingincline,rom_roll_ratio_stepforward_walk,"add(add(mul(X0, 8.939), mul(5.167, 4.351)), mul(mul(X0, X2), mul(X1, 1.249)))","add(add(mul(stride_timing_cv_walking, 8.939), mul(5.167, 4.351)), mul(mul(stride_timing_cv_walking, rom_roll_ratio_stepforward_walk), mul(peak_roll_walkingincline, 1.249)))"
2,5,34.0,33.85846379612038,0.1415362038796175,peak_roll_walkingincline;stride_timing_cv_walking;rom_roll_ratio_stepforward_walk,peak_roll_walkingincline,stride_timing_cv_walking,rom_roll_ratio_stepforward_walk,"mul(5.491, add(X1, add(X1, sub(X1, sub(-4.086, X1)))))","mul(5.491, add(stride_timing_cv_walking, add(stride_timing_cv_walking, sub(stride_timing_cv_walking, sub(-4.086, stride_timing_cv_walking)))))"
3,6,31.0,45.64701770710826,14.647017707108262,rom_roll_ratio_stepforward_walk;stride_timing_cv_walking;peak_roll_walkingincline,rom_roll_ratio_stepforward_walk,stride_timing_cv_walking,peak_roll_walkingincline,"sub(sub(add(mul(-7.655, -7.994), div(X2, -2.104)), mul(sub(X1, div(div(X1, X1), add(X0, X1))), -5.304)), mul(X1, -5.304))","sub(sub(add(mul(-7.655, -7.994), div(peak_roll_walkingincline, -2.104)), mul(sub(stride_timing_cv_walking, div(div(stride_timing_cv_walking, stride_timing_cv_walking), add(rom_roll_ratio_stepforward_walk, stride_timing_cv_walking))), -5.304)), mul(stride_timing_cv_walking, -5.304))"
4,7,22.0,43.38285071490803,21.38285071490803,peak_roll_walkingincline;rom_roll_walkingincline;rom_roll_ratio_stepforward_walk,peak_roll_walkingincline,rom_roll_walkingincline,rom_roll_ratio_stepforward_walk,"add(5.351, div(mul(mul(3.767, 9.588), -6.479), div(X1, -7.276)))","add(5.351, div(mul(mul(3.767, 9.588), -6.479), div(rom_roll_walkingincline, -7.276)))"
5,8,33.0,59.13478914770231,26.134789147702307,peak_roll_walkingincline;rom_roll_ratio_stepforward_walk;stride_timing_cv_walking,peak_roll_walkingincline,rom_roll_ratio_stepforward_walk,stride_timing_cv_walking,"add(mul(mul(X1, X0), sub(X2, X1)), sub(mul(X2, mul(X1, X0)), add(X0, mul(9.743, -7.124))))","add(mul(mul(rom_roll_ratio_stepforward_walk, peak_roll_walkingincline), sub(stride_timing_cv_walking, rom_roll_ratio_stepforward_walk)), sub(mul(stride_timing_cv_walking, mul(rom_roll_ratio_stepforward_walk, peak_roll_walkingincline)), add(peak_roll_walkingincline, mul(9.743, -7.124))))"
6,9,51.0,34.4184217916269,16.581578208373102,peak_roll_walkingincline;rom_roll_ratio_stepforward_walk;stride_timing_cv_walking,peak_roll_walkingincline,rom_roll_ratio_stepforward_walk,stride_timing_cv_walking,"add(6.622, sub(add(sub(9.042, X2), sub(add(6.622, sub(sub(add(9.042, mul(mul(mul(X1, X0), 2.188), X2)), X2), X2)), mul(0.229, X0))), X2))","add(6.622, sub(add(sub(9.042, stride_timing_cv_walking), sub(add(6.622, sub(sub(add(9.042, mul(mul(mul(rom_roll_ratio_stepforward_walk, peak_roll_walkingincline), 2.188), stride_timing_cv_walking)), stride_timing_cv_walking), stride_timing_cv_walking)), mul(0.229, peak_roll_walkingincline))), stride_timing_cv_walking))"
7,10,51.0,40.53217641119853,10.467823588801473,peak_roll_walkingincline;rom_roll_ratio_stepforward_walk;stride_timing_cv_walking,peak_roll_walkingincline,rom_roll_ratio_stepforward_walk,stride_timing_cv_walking,"sub(sub(add(mul(add(add(4.908, X2), X2), 4.908), mul(X0, mul(X1, X2))), div(X2, mul(X1, X2))), div(X2, sub(X1, X2)))","sub(sub(add(mul(add(add(4.908, stride_timing_cv_walking), stride_timing_cv_walking), 4.908), mul(peak_roll_walkingincline, mul(rom_roll_ratio_stepforward_walk, stride_timing_cv_walking))), div(stride_timing_cv_walking, mul(rom_roll_ratio_stepforward_walk, stride_timing_cv_walking))), div(stride_timing_cv_walking, sub(rom_roll_ratio_stepforward_walk, stride_timing_cv_walking)))"
8,11,22.0,47.242553163710994,25.242553163710998,peak_roll_walkingincline;rom_roll_ratio_stepforward_walk;peak_roll_walking,peak_roll_walkingincline,rom_roll_ratio_stepforward_walk,peak_roll_walking,"sub(sub(sub(9.969, X0), mul(add(X1, X1), sub(sub(9.617, X0), mul(-5.293, 2.907)))), div(mul(X2, 9.617), div(X2, -7.068)))","sub(sub(sub(9.969, peak_roll_walkingincline), mul(add(rom_roll_ratio_stepforward_walk, rom_roll_ratio_stepforward_walk), sub(sub(9.617, peak_roll_walkingincline), mul(-5.293, 2.907)))), div(mul(peak_roll_walking, 9.617), div(peak_roll_walking, -7.068)))"
9,12,49.0,31.462278010711607,17.537721989288393,peak_roll_walkingincline;rom_roll_ratio_stepforward_walk;stride_timing_cv_walking,peak_roll_walkingincline,rom_roll_ratio_stepforward_walk,stride_timing_cv_walking,"add(add(add(mul(3.740, 6.927), mul(mul(X2, X0), X1)), mul(mul(X2, X0), X1)), div(sub(X0, 9.818), -5.369))","add(add(add(mul(3.740, 6.927), mul(mul(stride_timing_cv_walking, peak_roll_walkingincline), rom_roll_ratio_stepforward_walk)), mul(mul(stride_timing_cv_walking, peak_roll_walkingincline), rom_roll_ratio_stepforward_walk)), div(sub(peak_roll_walkingincline, 9.818), -5.369))"
10,13,63.0,36.37351611674016,26.626483883259844,peak_roll_walkingincline;rom_roll_ratio_stepforward_walk;peak_roll_walking,peak_roll_walkingincline,rom_roll_ratio_stepforward_walk,peak_roll_walking,"add(mul(X1, add(9.412, mul(-8.922, -2.999))), mul(-3.612, -5.933))","add(mul(rom_roll_ratio_stepforward_walk, add(9.412, mul(-8.922, -2.999))), mul(-3.612, -5.933))"
11,14,21.0,42.463754700471966,21.463754700471966,rom_pitch_walking;rom_pitch_walkingincline;stride_timing_cv_walking,rom_pitch_walking,rom_pitch_walkingincline,stride_timing_cv_walking,"add(mul(sub(mul(2.879, 7.969), -9.719), X2), mul(2.674, 7.969))","add(mul(sub(mul(2.879, 7.969), -9.719), stride_timing_cv_walking), mul(2.674, 7.969))"
12,15,55.0,47.26950259407442,7.730497405925575,stride_timing_cv_walking;peak_roll_walkingincline;rom_roll_ratio_stepforward_walk,stride_timing_cv_walking,peak_roll_walkingincline,rom_roll_ratio_stepforward_walk,"add(sub(sub(mul(-6.248, -6.248), mul(sub(X1, mul(-6.248, -6.248)), sub(0.314, X2))), div(X1, 2.818)), mul(mul(X1, X0), mul(1.240, mul(1.240, X2))))","add(sub(sub(mul(-6.248, -6.248), mul(sub(peak_roll_walkingincline, mul(-6.248, -6.248)), sub(0.314, rom_roll_ratio_stepforward_walk))), div(peak_roll_walkingincline, 2.818)), mul(mul(peak_roll_walkingincline, stride_timing_cv_walking), mul(1.240, mul(1.240, rom_roll_ratio_stepforward_walk))))"
13,16,52.0,43.77465282868402,8.225347171315981,stride_timing_cv_walking;peak_roll_walkingincline;rom_roll_ratio_stepforward_walk,stride_timing_cv_walking,peak_roll_walkingincline,rom_roll_ratio_stepforward_walk,"add(sub(mul(9.725, add(X0, add(X0, 2.942))), -9.355), add(div(sub(add(X2, X2), X1), 2.942), div(add(X0, X2), sub(add(X0, X2), add(X2, X2)))))","add(sub(mul(9.725, add(stride_timing_cv_walking, add(stride_timing_cv_walking, 2.942))), -9.355), add(div(sub(add(rom_roll_ratio_stepforward_walk, rom_roll_ratio_stepforward_walk), peak_roll_walkingincline), 2.942), div(add(stride_timing_cv_walking, rom_roll_ratio_stepforward_walk), sub(add(stride_timing_cv_walking, rom_roll_ratio_stepforward_walk), add(rom_roll_ratio_stepforward_walk, rom_roll_ratio_stepforward_walk)))))"
14,17,34.0,49.24523048173485,15.24523048173485,peak_roll_walkingincline;rom_roll_ratio_stepforward_walk;stride_timing_cv_walking,peak_roll_walkingincline,rom_roll_ratio_stepforward_walk,stride_timing_cv_walking,"add(add(mul(sub(sub(sub(sub(sub(sub(8.775, -1.992), add(X2, X2)), -1.992), div(0.454, X1)), -1.992), div(0.454, X1)), add(add(X2, add(X2, X2)), div(X1, X1))), 2.919), 8.775)","add(add(mul(sub(sub(sub(sub(sub(sub(8.775, -1.992), add(stride_timing_cv_walking, stride_timing_cv_walking)), -1.992), div(0.454, rom_roll_ratio_stepforward_walk)), -1.992), div(0.454, rom_roll_ratio_stepforward_walk)), add(add(stride_timing_cv_walking, add(stride_timing_cv_walking, stride_timing_cv_walking)), div(rom_roll_ratio_stepforward_walk, rom_roll_ratio_stepforward_walk))), 2.919), 8.775)"
15,18,29.0,46.210107275864914,17.210107275864914,peak_roll_walkingincline;rom_roll_ratio_stepforward_walk;stride_timing_cv_walking,peak_roll_walkingincline,rom_roll_ratio_stepforward_walk,stride_timing_cv_walking,"sub(sub(sub(add(mul(5.828, 5.828), mul(mul(X2, add(X0, 8.802)), X1)), div(0.738, mul(X2, 8.802))), div(0.738, X1)), div(0.738, sub(X1, X2)))","sub(sub(sub(add(mul(5.828, 5.828), mul(mul(stride_timing_cv_walking, add(peak_roll_walkingincline, 8.802)), rom_roll_ratio_stepforward_walk)), div(0.738, mul(stride_timing_cv_walking, 8.802))), div(0.738, rom_roll_ratio_stepforward_walk)), div(0.738, sub(rom_roll_ratio_stepforward_walk, stride_timing_cv_walking)))"
16,19,25.0,34.896776435252306,9.896776435252306,rom_roll_ratio_stepforward_walk;stride_timing_cv_walking;peak_roll_walkingincline,rom_roll_ratio_stepforward_walk,stride_timing_cv_walking,peak_roll_walkingincline,"sub(sub(div(add(X1, X1), sub(X1, X0)), div(1.707, X0)), mul(sub(X1, sub(sub(-3.267, X1), X0)), -9.322))","sub(sub(div(add(stride_timing_cv_walking, stride_timing_cv_walking), sub(stride_timing_cv_walking, rom_roll_ratio_stepforward_walk)), div(1.707, rom_roll_ratio_stepforward_walk)), mul(sub(stride_timing_cv_walking, sub(sub(-3.267, stride_timing_cv_walking), rom_roll_ratio_stepforward_walk)), -9.322))"
17,20,23.0,24.74019704098789,1.7401970409878942,stride_timing_cv_walking;peak_roll_walkingincline;rom_roll_ratio_stepforward_walk,stride_timing_cv_walking,peak_roll_walkingincline,rom_roll_ratio_stepforward_walk,"add(add(add(div(X1, -6.212), mul(X2, add(mul(X0, X1), add(add(div(X1, -6.212), mul(X2, add(mul(X0, X1), sub(mul(X0, X1), mul(X2, mul(6.597, 3.416)))))), 6.597)))), 6.597), mul(6.597, 3.416))","add(add(add(div(peak_roll_walkingincline, -6.212), mul(rom_roll_ratio_stepforward_walk, add(mul(stride_timing_cv_walking, peak_roll_walkingincline), add(add(div(peak_roll_walkingincline, -6.212), mul(rom_roll_ratio_stepforward_walk, add(mul(stride_timing_cv_walking, peak_roll_walkingincline), sub(mul(stride_timing_cv_walking, peak_roll_walkingincline), mul(rom_roll_ratio_stepforward_walk, mul(6.597, 3.416)))))), 6.597)))), 6.597), mul(6.597, 3.416))"
18,21,62.0,32.89235848445689,29.107641515543108,stride_timing_cv_walkingincline;stride_timing_cv_walking;peak_roll_walkingincline,stride_timing_cv_walkingincline,stride_timing_cv_walking,peak_roll_walkingincline,"sub(mul(mul(3.861, 7.447), X0), div(add(X1, X1), div(X0, -7.928)))","sub(mul(mul(3.861, 7.447), stride_timing_cv_walkingincline), div(add(stride_timing_cv_walking, stride_timing_cv_walking), div(stride_timing_cv_walkingincline, -7.928)))"
19,22,22.0,50.91691242263541,28.916912422635413,stride_timing_cv_walking;rom_pitch_stepforward;peak_roll_walkingincline,stride_timing_cv_walking,rom_pitch_stepforward,peak_roll_walkingincline,"sub(add(sub(add(sub(add(X1, mul(X0, 5.719)), 4.141), mul(X0, 5.719)), 4.141), mul(X0, 5.719)), 4.141)","sub(add(sub(add(sub(add(rom_pitch_stepforward, mul(stride_timing_cv_walking, 5.719)), 4.141), mul(stride_timing_cv_walking, 5.719)), 4.141), mul(stride_timing_cv_walking, 5.719)), 4.141)"
20,24,57.0,28.041545816676397,28.958454183323607,rom_roll_ratio_stepforward_walk;stride_timing_cv_walking;peak_roll_walkingincline,rom_roll_ratio_stepforward_walk,stride_timing_cv_walking,peak_roll_walkingincline,"sub(sub(mul(mul(X2, add(X0, X0)), X1), -9.837), -9.837)","sub(sub(mul(mul(peak_roll_walkingincline, add(rom_roll_ratio_stepforward_walk, rom_roll_ratio_stepforward_walk)), stride_timing_cv_walking), -9.837), -9.837)"
21,25,50.0,26.49631755557048,23.50368244442952,peak_roll_walkingincline;stride_timing_cv_walking;rom_roll_ratio_stepforward_walk,peak_roll_walkingincline,stride_timing_cv_walking,rom_roll_ratio_stepforward_walk,"sub(mul(X2, mul(X0, X1)), sub(mul(7.420, -2.890), mul(X2, mul(X0, X1))))","sub(mul(rom_roll_ratio_stepforward_walk, mul(peak_roll_walkingincline, stride_timing_cv_walking)), sub(mul(7.420, -2.890), mul(rom_roll_ratio_stepforward_walk, mul(peak_roll_walkingincline, stride_timing_cv_walking))))"
22,26,54.0,44.236755138676266,9.763244861323734,stride_timing_cv_walking;peak_roll_walkingincline;rom_roll_ratio_stepforward_walk,stride_timing_cv_walking,peak_roll_walkingincline,rom_roll_ratio_stepforward_walk,"add(add(mul(add(mul(add(9.870, X1), X0), 8.263), X2), mul(8.263, X0)), sub(9.870, -9.151))","add(add(mul(add(mul(add(9.870, peak_roll_walkingincline), stride_timing_cv_walking), 8.263), rom_roll_ratio_stepforward_walk), mul(8.263, stride_timing_cv_walking)), sub(9.870, -9.151))"
23,27,53.0,70.81512427313608,17.815124273136078,peak_roll_walkingincline;rom_roll_ratio_stepforward_walk;stride_timing_cv_walking,peak_roll_walkingincline,rom_roll_ratio_stepforward_walk,stride_timing_cv_walking,"add(div(X0, -3.447), add(add(mul(9.698, X2), add(mul(-4.581, -7.579), mul(9.698, X2))), mul(9.698, X2)))","add(div(peak_roll_walkingincline, -3.447), add(add(mul(9.698, stride_timing_cv_walking), add(mul(-4.581, -7.579), mul(9.698, stride_timing_cv_walking))), mul(9.698, stride_timing_cv_walking)))"
24,29,53.0,38.46270527928765,14.537294720712346,peak_roll_walkingincline;rom_roll_ratio_stepforward_walk;stride_timing_cv_walking,peak_roll_walkingincline,rom_roll_ratio_stepforward_walk,stride_timing_cv_walking,"add(div(add(2.391, X2), 0.111), mul(X1, mul(add(div(add(2.391, X2), 0.111), mul(X1, mul(X0, X2))), X2)))","add(div(add(2.391, stride_timing_cv_walking), 0.111), mul(rom_roll_ratio_stepforward_walk, mul(add(div(add(2.391, stride_timing_cv_walking), 0.111), mul(rom_roll_ratio_stepforward_walk, mul(peak_roll_walkingincline, stride_timing_cv_walking))), stride_timing_cv_walking)))"
25,32,53.0,36.84490199083142,16.155098009168583,peak_roll_walkingincline;stride_timing_cv_walking;rom_roll_ratio_stepforward_walk,peak_roll_walkingincline,stride_timing_cv_walking,rom_roll_ratio_stepforward_walk,"add(9.810, add(mul(sub(add(sub(sub(mul(5.853, 5.070), div(X1, X2)), div(X1, X2)), 9.810), div(X1, X2)), X1), 9.810))","add(9.810, add(mul(sub(add(sub(sub(mul(5.853, 5.070), div(stride_timing_cv_walking, rom_roll_ratio_stepforward_walk)), div(stride_timing_cv_walking, rom_roll_ratio_stepforward_walk)), 9.810), div(stride_timing_cv_walking, rom_roll_ratio_stepforward_walk)), stride_timing_cv_walking), 9.810))"
26,33,34.0,55.63801768385132,21.63801768385132,peak_roll_walkingincline;rom_roll_ratio_stepforward_walk;stride_timing_cv_walking,peak_roll_walkingincline,rom_roll_ratio_stepforward_walk,stride_timing_cv_walking,"mul(add(sub(add(div(X0, -5.171), sub(7.991, -6.433)), -6.433), add(div(X0, -5.171), mul(-2.951, -7.809))), sub(X2, -0.842))","mul(add(sub(add(div(peak_roll_walkingincline, -5.171), sub(7.991, -6.433)), -6.433), add(div(peak_roll_walkingincline, -5.171), mul(-2.951, -7.809))), sub(stride_timing_cv_walking, -0.842))"
27,35,60.0,45.29689571782973,14.703104282170273,stride_timing_cv_walking;peak_roll_walkingincline;rom_roll_ratio_stepforward_walk,stride_timing_cv_walking,peak_roll_walkingincline,rom_roll_ratio_stepforward_walk,"add(sub(mul(add(add(add(3.419, X0), X0), X0), 9.765), 5.337), div(sub(X2, X1), mul(X2, mul(6.548, 3.419))))","add(sub(mul(add(add(add(3.419, stride_timing_cv_walking), stride_timing_cv_walking), stride_timing_cv_walking), 9.765), 5.337), div(sub(rom_roll_ratio_stepforward_walk, peak_roll_walkingincline), mul(rom_roll_ratio_stepforward_walk, mul(6.548, 3.419))))"
28,36,22.0,43.83219457501477,21.832194575014768,stride_timing_cv_walking;rom_roll_ratio_stepforward_walk;peak_roll_walkingincline,stride_timing_cv_walking,rom_roll_ratio_stepforward_walk,peak_roll_walkingincline,"add(mul(3.701, 5.456), mul(mul(X0, X1), add(X2, X2)))","add(mul(3.701, 5.456), mul(mul(stride_timing_cv_walking, rom_roll_ratio_stepforward_walk), add(peak_roll_walkingincline, peak_roll_walkingincline)))"
