permutation,null_auc
1,0.46153846153846156
2,0.3028846153846154
3,0.548076923076923
4,0.19230769230769232
5,0.5048076923076923
6,0.514423076923077
7,0.5144230769230769
8,0.32692307692307687
9,0.29807692307692313
10,0.14903846153846156
11,0.4134615384615385
12,0.40865384615384615
13,0.5144230769230769
14,0.5432692307692307
15,0.5336538461538461
16,0.3605769230769231
17,0.4278846153846155
18,0.5769230769230769
19,0.5576923076923077
20,0.49038461538461536
21,0.10576923076923078
22,0.4278846153846154
23,0.5048076923076923
24,0.09615384615384616
25,0.2451923076923077
26,0.6923076923076923
27,0.23076923076923078
28,0.24038461538461542
29,0.4855769230769231
30,0.3653846153846154
31,0.2932692307692308
32,0.5721153846153847
33,0.28846153846153844
34,0.4134615384615385
35,0.1923076923076923
36,0.34134615384615385
37,0.12980769230769232
38,0.4807692307692308
39,0.5673076923076923
40,0.5192307692307693
41,0.3317307692307693
42,0.1971153846153846
43,0.4951923076923077
44,0.2403846153846154
45,0.3894230769230769
46,0.014423076923076924
47,0.3413461538461539
48,0.6105769230769231
49,0.4423076923076923
50,0.32211538461538464
51,0.5048076923076923
52,0.4134615384615385
53,0.38461538461538464
54,0.2884615384615385
55,0.5336538461538461
56,0.4278846153846154
57,0.49519230769230765
58,0.30288461538461536
59,0.5144230769230769
60,0.23076923076923078
61,0.3894230769230769
62,0.14423076923076922
63,0.6923076923076923
64,0.38461538461538464
65,0.2932692307692308
66,0.5673076923076923
67,0.2932692307692308
68,0.47596153846153844
69,0.49038461538461536
70,0.4711538461538462
71,0.25
72,0.2259615384615385
73,0.3221153846153846
74,0.3076923076923077
75,0.45673076923076916
76,0.3653846153846154
77,0.5096153846153846
78,0.6105769230769231
79,0.5528846153846154
80,0.3942307692307693
81,0.4807692307692308
82,0.19711538461538464
83,0.06730769230769232
84,0.5865384615384616
85,0.16826923076923078
86,0.4855769230769231
87,0.4326923076923077
88,0.2932692307692308
89,0.4375
90,0.27403846153846156
91,0.3557692307692307
92,0.12019230769230771
93,0.14423076923076922
94,0.5192307692307693
95,0.1346153846153846
96,0.2644230769230769
97,0.3317307692307692
98,0.3557692307692308
99,0.6153846153846154
100,0.5384615384615384
101,0.41346153846153844
102,0.2451923076923077
103,0.16826923076923078
104,0.2980769230769231
105,0.41346153846153844
106,0.3317307692307692
107,0.19230769230769232
108,0.37980769230769235
109,0.09615384615384616
110,0.4278846153846154
111,0.35576923076923084
112,0.2644230769230769
113,0.5192307692307693
114,0.4663461538461538
115,0.46634615384615385
116,0.25
117,0.3846153846153846
118,0.5192307692307692
119,0.14903846153846154
120,0.6009615384615385
121,0.6153846153846154
122,0.3798076923076923
123,0.47115384615384615
124,0.3076923076923077
125,0.3461538461538462
126,0.2692307692307693
127,0.2403846153846154
128,0.40865384615384615
129,0.4759615384615385
130,0.2644230769230769
131,0.6730769230769231
132,0.1682692307692308
133,0.34615384615384615
134,0.4807692307692308
135,0.12019230769230771
136,0.18269230769230768
137,0.30288461538461536
138,0.3942307692307693
139,0.3701923076923077
140,0.2980769230769231
141,0.5817307692307693
142,0.019230769230769232
143,0.3557692307692308
144,0.22115384615384617
145,0.6394230769230769
146,0.22596153846153846
147,0.2980769230769231
148,0.39903846153846156
149,0.4423076923076923
150,0.46153846153846156
151,0.125
152,0.5384615384615384
153,0.5865384615384615
154,0.39423076923076916
155,0.6057692307692308
156,0.5336538461538461
157,0.2403846153846154
158,0.27403846153846156
159,0.4759615384615385
160,0.3173076923076923
161,0.25961538461538464
162,0.4182692307692307
163,0.3798076923076923
164,0.15865384615384615
165,0.4471153846153846
166,0.548076923076923
167,0.49519230769230776
168,0.3557692307692308
169,0.47115384615384615
170,0.25961538461538464
171,0.34615384615384615
172,0.5961538461538463
173,0.5192307692307692
174,0.10576923076923078
175,0.2740384615384615
176,0.2884615384615385
177,0.4134615384615385
178,0.35096153846153844
179,0.40384615384615385
180,0.5576923076923077
181,0.27884615384615385
182,0.4567307692307692
183,0.3317307692307693
184,0.12500000000000003
185,0.5673076923076923
186,0.2259615384615385
187,0.5
188,0.30288461538461536
189,0.4182692307692308
190,0.35096153846153844
191,0.5673076923076923
192,0.33653846153846156
193,0.3894230769230769
194,0.2644230769230769
195,0.11538461538461539
196,0.33653846153846156
197,0.3942307692307692
198,0.375
199,0.27884615384615385
200,0.514423076923077
201,0.4759615384615385
202,0.5048076923076923
203,0.32692307692307687
204,0.6442307692307692
205,0.33653846153846156
206,0.5480769230769231
207,0.4038461538461538
208,0.4278846153846154
209,0.21634615384615385
210,0.5144230769230769
211,0.7307692307692308
212,0.5288461538461539
213,0.23076923076923078
214,0.34134615384615385
215,0.7067307692307692
216,0.4471153846153846
217,0.3317307692307692
218,0.16826923076923078
219,0.47596153846153855
220,0.3846153846153846
221,0.7644230769230769
222,0.6634615384615384
223,0.40384615384615385
224,0.47596153846153844
225,0.44711538461538464
226,0.3557692307692307
227,0.1201923076923077
228,0.04326923076923077
229,0.37980769230769235
230,0.40865384615384615
231,0.38461538461538464
232,0.43749999999999994
233,0.6490384615384616
234,0.21153846153846154
235,0.1778846153846154
236,0.3125
237,0.32211538461538464
238,0.5769230769230769
239,0.451923076923077
240,0.05288461538461539
241,0.27884615384615385
242,0.4711538461538462
243,0.3557692307692308
244,0.5
245,0.24999999999999997
246,0.16346153846153846
247,0.5192307692307692
248,0.5192307692307693
249,0.5432692307692308
250,0.38461538461538464
251,0.4086538461538461
252,0.3509615384615385
253,0.3701923076923077
254,0.3701923076923077
255,0.6538461538461539
256,0.4182692307692308
257,0.13461538461538464
258,0.2980769230769231
259,0.6105769230769231
260,0.32692307692307687
261,0.6009615384615385
262,0.30288461538461536
263,0.5769230769230769
264,0.4423076923076923
265,0.23557692307692307
266,0.4903846153846154
267,0.6490384615384615
268,0.6730769230769231
269,0.10576923076923077
270,0.30288461538461536
271,0.4807692307692308
272,0.6586538461538463
273,0.451923076923077
274,0.37980769230769235
275,0.5144230769230769
276,0.5
277,0.49038461538461536
278,0.3317307692307693
279,0.5528846153846154
280,0.5048076923076924
281,0.5096153846153847
282,0.34615384615384615
283,0.5865384615384616
284,0.4182692307692308
285,0.15865384615384617
286,0.4326923076923077
287,0.5336538461538461
288,0.6201923076923077
289,0.125
290,0.6298076923076923
291,0.3365384615384615
292,0.4086538461538462
293,0.15384615384615385
294,0.625
295,0.47596153846153844
296,0.25
297,0.20192307692307693
298,0.5240384615384616
299,0.33653846153846156
300,0.6730769230769231
301,0.3173076923076923
302,0.5
303,0.2644230769230769
304,0.6394230769230769
305,0.37500000000000006
306,0.27403846153846156
307,0.38461538461538464
308,0.5192307692307693
309,0.4326923076923077
310,0.31730769230769235
311,0.38461538461538464
312,0.3076923076923077
313,0.41826923076923084
314,0.4951923076923077
315,0.375
316,0.3317307692307692
317,0.42307692307692313
318,0.3317307692307693
319,0.5673076923076923
320,0.2980769230769231
321,0.3653846153846154
322,0.3894230769230769
323,0.07692307692307693
324,0.34134615384615385
325,0.2115384615384615
326,0.44230769230769235
327,0.25961538461538464
328,0.3798076923076923
329,0.6105769230769231
330,0.13942307692307693
331,0.1923076923076923
332,0.3653846153846154
333,0.2403846153846154
334,0.10576923076923078
335,0.35096153846153844
336,0.47115384615384615
337,0.4855769230769231
338,0.5625
339,0.1778846153846154
340,0.5576923076923077
341,0.17307692307692307
342,0.7692307692307692
343,0.1778846153846154
344,0.5384615384615385
345,0.46153846153846156
346,0.19711538461538464
347,0.3317307692307693
348,0.15865384615384615
349,0.3557692307692308
350,0.24038461538461542
351,0.4134615384615385
352,0.40384615384615385
353,0.014423076923076924
354,0.6682692307692308
355,0.4375
356,0.6586538461538463
357,0.5721153846153846
358,0.3509615384615385
359,0.6057692307692308
360,0.004807692307692308
361,0.4375
362,0.5
363,0.4375
364,0.34134615384615385
365,0.23076923076923078
366,0.46153846153846156
367,0.4807692307692308
368,0.5048076923076923
369,0.5288461538461539
370,0.24038461538461542
371,0.5
372,0.15384615384615385
373,0.6586538461538461
374,0.6682692307692307
375,0.5192307692307693
376,0.1971153846153846
377,0.4230769230769231
378,0.4519230769230769
379,0.625
380,0.6153846153846154
381,0.5673076923076923
382,0.375
383,0.5769230769230769
384,0.2932692307692307
385,0.6730769230769231
386,0.1634615384615385
387,0.2980769230769231
388,0.28846153846153844
389,0.39903846153846156
390,0.4326923076923077
391,0.47115384615384615
392,0.48557692307692313
393,0.19230769230769235
394,0.5576923076923077
395,0.5336538461538461
396,0.4567307692307692
397,0.5480769230769231
398,0.32692307692307687
399,0.4807692307692307
400,0.4711538461538462
401,0.43269230769230765
402,0.375
403,0.5480769230769231
404,0.2307692307692308
405,0.3028846153846154
406,0.44711538461538464
407,0.6057692307692308
408,0.3317307692307693
409,0.27884615384615385
410,0.15865384615384615
411,0.4807692307692308
412,0.4807692307692308
413,0.20192307692307693
414,0.451923076923077
415,0.27403846153846156
416,0.14903846153846154
417,0.5336538461538461
418,0.10096153846153846
419,0.34615384615384615
420,0.1201923076923077
421,0.057692307692307696
422,0.5432692307692308
423,0.3221153846153846
424,0.48557692307692313
425,0.2932692307692307
426,0.4182692307692308
427,0.32211538461538464
428,0.6778846153846154
429,0.21153846153846154
430,0.5961538461538461
431,0.5384615384615385
432,0.1826923076923077
433,0.375
434,0.04326923076923077
435,0.40384615384615385
436,0.43749999999999994
437,0.375
438,0.27884615384615385
439,0.5576923076923077
440,0.46153846153846156
441,0.4807692307692308
442,0.4711538461538462
443,0.5384615384615385
444,0.46153846153846156
445,0.2596153846153847
446,0.5
447,0.48076923076923084
448,0.43269230769230765
449,0.22596153846153846
450,0.5769230769230769
451,0.39903846153846156
452,0.451923076923077
453,0.3894230769230769
454,0.44230769230769235
455,0.125
456,0.6538461538461539
457,0.3365384615384615
458,0.2932692307692307
459,0.23557692307692307
460,0.25480769230769235
461,0.6875
462,0.5961538461538461
463,0.33653846153846156
464,0.2548076923076923
465,0.2451923076923077
466,0.5240384615384616
467,0.3894230769230769
468,0.33653846153846156
469,0.36057692307692313
470,0.5
471,0.3365384615384615
472,0.22596153846153846
473,0.11057692307692307
474,0.31249999999999994
475,0.23076923076923078
476,0.28365384615384615
477,0.30288461538461536
478,0.2980769230769231
479,0.42307692307692313
480,0.3125
481,0.5625
482,0.7403846153846153
483,0.038461538461538464
484,0.6682692307692308
485,0.3701923076923077
486,0.5432692307692308
487,0.6105769230769231
488,0.4471153846153847
489,0.13461538461538464
490,0.2548076923076923
491,0.21634615384615385
492,0.2884615384615385
493,0.25
494,0.47115384615384615
495,0.6009615384615385
496,0.4807692307692307
497,0.49999999999999994
498,0.33653846153846156
499,0.5048076923076924
500,0.375
